{"_wandb":{"runtime":951},"_runtime":951,"train_loss":1.3202994865224795,"train_accuracy":65.458,"val_loss":2.3813627301892146,"epoch":10,"_step":19,"val_accuracy":46.88,"_timestamp":1.7755625466744075e+09}