{"train_loss":2.4990939404958348,"train_accuracy":41.029,"epoch":9,"_runtime":2578,"val_loss":2.7437214111980004,"_timestamp":1.775559534245544e+09,"val_accuracy":37.35,"_wandb":{"runtime":2578},"_step":17}