{"train_accuracy":57.024,"_runtime":1914,"_wandb":{"runtime":1914},"train_loss":1.6945895663917523,"val_accuracy":45.99,"val_loss":2.37097782047489,"_step":39,"epoch":20,"_timestamp":1.7755579452895975e+09}