{"_wandb":{"runtime":960},"epoch":10,"train_loss":1.3646648111550703,"val_accuracy":48.51,"val_loss":2.3027536823779724,"_runtime":960,"train_accuracy":64.861,"_step":19,"_timestamp":1.7755636219406986e+09}